matrix,implementation,rows,cols,nnz,threads,blocks,time_min_ms,time_max_ms,time_avg_ms,time_geomean_ms,time_stddev_ms,gflops_avg,gflops_avg_geo,gflops_std,bandwidth_avg_gbs,bandwidth_avg_gbs_geo,bandwidth_std
Dataset/FullChip/FullChip.mtx,COO CPU,2987012,2987012,26621990,0,0,-731.242981,273.385010,-30.047394,50.300797,482.592346,0.116315,0.321229,0.130644,0.930524,1.377138,1.045154
Dataset/FullChip/FullChip.mtx,COO NVDA,2987012,2987012,26621990,256,103993,26.398720,26.448896,26.429031,26.429026,0.017619,2.014603,2.014602,0.001344,16.116823,16.116819,0.010749
Dataset/FullChip/FullChip.mtx,COO cuSparse,2987012,2987012,26621990,0,0,11.643904,11.657216,11.647079,11.647078,0.003935,4.571446,4.571445,0.001544,36.571568,36.571564,0.012348
Dataset/FullChip/FullChip.mtx,CSR CPU,2987012,2987012,26621990,0,0,-827.693970,224.813995,-83.867401,43.781731,491.352509,0.148447,0.369060,0.148684,0.957305,1.360604,0.958837
Dataset/FullChip/FullChip.mtx,CSR NVDA,2987012,2987012,26621990,256,11669,177.054718,179.214340,178.221268,178.218765,0.994863,0.298761,0.298756,0.001669,1.926648,1.926621,0.010761
Dataset/FullChip/FullChip.mtx,CSR Vector NVDA,2987012,2987012,26621990,256,373377,36.567039,36.589569,36.578300,36.578304,0.006619,1.455617,1.455616,0.000263,9.386984,9.386984,0.001699
Dataset/FullChip/FullChip.mtx,CSR cuSparse NVDA,2987012,2987012,26621990,0,0,9.600000,9.629696,9.619353,9.619350,0.008628,5.535093,5.535091,0.004968,35.694729,35.694717,0.032039
